{"cameraMode":{"drawMode":0,"name":"Shaded","section":"Shading Mode"},"sceneLighting":true,"audioPlay":false,"sceneViewState":{"m_AlwaysRefresh":false,"showFog":true,"showSkybox":true,"showFlares":true,"showImageEffects":true,"showParticleSystems":true,"showVisualEffectGraphs":true,"m_FxEnabled":true},"in2DMode":false,"pivot":{"x":35.583160400390628,"y":22.39970588684082,"z":33.88152313232422},"rotation":{"x":0.13204628229141236,"y":-0.7373149394989014,"z":0.15091736614704133,"w":0.6451060175895691},"size":18.976884841918947,"orthographic":false}