{"cameraMode":{"drawMode":0,"name":"Shaded","section":"Shading Mode"},"sceneLighting":true,"audioPlay":false,"sceneViewState":{"m_AlwaysRefresh":false,"showFog":true,"showSkybox":true,"showFlares":true,"showImageEffects":true,"showParticleSystems":true,"showVisualEffectGraphs":true,"m_FxEnabled":true},"in2DMode":false,"pivot":{"x":-1.9928644895553589,"y":1.9125406742095948,"z":-1.9480171203613282},"rotation":{"x":-0.10623625665903092,"y":-0.08283159136772156,"z":0.008881107904016972,"w":-0.9908459186553955},"size":36.96623229980469,"orthographic":false}